{"orien_w": 0.9879566328857651, "orien_z": -0.1547310296515266, "p_x": 0.42236724215883914, "p_y": -0.16029993321692196}